set,n,mean,std,p05,p50,p95
F1,1,-0.35542216062545096,1.0421456267511016,-2.794212832507102,-0.0311245497833221,0.4500836194166744
F1,2,0.06350186647022903,0.3931832887525722,-0.4340097932823884,0.0473335554185336,0.4992033376416577
F1,4,0.2328161679696898,0.19564662400950833,-0.06629860303266784,0.220883979445388,0.526327943348026
F1,8,0.34327666432529086,0.16451733499003124,0.0473335554185336,0.3544166430841754,0.5723776791839479
F1,16,0.4370538389483768,0.1276180495349463,0.1981134649678275,0.4948760509073273,0.5883176756839366
F1,32,0.5080690919591819,0.09777626577913627,0.3209206668919659,0.5217036859554574,0.7220740315068512
F1,64,0.5567632358038624,0.07857829707185819,0.4948760509073273,0.526327943348026,0.7220740315068512
F1,128,0.5971274645310491,0.08254444064634654,0.5217036859554574,0.5723776791839479,0.7220740315068512
F1,256,0.6376509968041908,0.08241211864069949,0.526327943348026,0.5883176756839366,0.7220740315068512
F1,512,0.6806216810756895,0.06627145090208703,0.5723776791839479,0.7220740315068512,0.7220740315068512
F2,1,-3.591248377435898,6.45220158988557,-21.164430769230773,-1.411835897435897,0.5633435897435897
F2,2,-0.8899059852307694,2.3821605843388625,-4.811015384615387,-0.0441435897435895,0.5633435897435897
F2,4,0.07002357948717941,0.7493551663035881,-1.65563076923077,0.1927794871794874,0.5633435897435897
F2,8,0.41013429743589735,0.3077870327799338,-0.0859487179487181,0.5633435897435897,0.5633435897435897
F2,16,0.5356931384615384,0.12410862380482215,0.1323282051282052,0.5633435897435897,0.650625641025641
F2,32,0.577370523076923,0.052388616588132486,0.5633435897435897,0.5633435897435897,0.650625641025641
F2,64,0.5924476205128205,0.047324465685240416,0.5633435897435897,0.5633435897435897,0.6964102564102564
F2,128,0.6141191282051282,0.05333925743771283,0.5633435897435897,0.5633435897435897,0.6964102564102564
F2,256,0.6425276512820512,0.04933169301161993,0.5633435897435897,0.650625641025641,0.6964102564102564
F2,512,0.6673696205128207,0.03457351160460104,0.5633435897435897,0.650625641025641,0.6964102564102564
F3,1,-0.36620073926233454,1.1488897019604942,-3.997209005269041,0.0914130608334662,0.399540156474533
F3,2,0.1312426393102346,0.44017629366928257,-0.4294619192080477,0.2539006865719302,0.4299026025866198
F3,4,0.2940981510458246,0.15533024071528023,0.009834264729362933,0.3181318856777901,0.5180073447229763
F3,8,0.3646564920964393,0.09803257322986418,0.2380935653840012,0.3181318856777901,0.6140954813986907
F3,16,0.4160870988344243,0.10762620529767583,0.3181318856777901,0.399540156474533,0.6780488583745808
F3,32,0.473202859651924,0.11377698656844633,0.3181318856777901,0.4299026025866198,0.6780488583745808
F3,64,0.539631074564905,0.10763841024832661,0.3925818297940283,0.5180073447229763,0.6780488583745808
F3,128,0.6006445265847037,0.08658314638647682,0.4299026025866198,0.6140954813986907,0.6780488583745808
F3,256,0.6456137537921124,0.053937478630682954,0.5180073447229763,0.6780488583745808,0.6780488583745808
F3,512,0.669366602267284,0.02512496517727231,0.6140954813986907,0.6780488583745808,0.6780488583745808
S1,1,-6.200926204664544,10.879547056357577,-21.61640809616768,-2.0310798315010787,0.3384362478167061
S1,2,-2.0103760659611636,3.7991431114133123,-9.458440357546497,-1.041456899208877,0.3384362478167061
S1,4,-0.6346459210931885,1.1168680976982202,-2.506215966300217,-0.2931778485564575,0.6024350148977706
S1,8,-0.055461368540018555,0.6424811037297493,-1.4201684989211962,0.144713860063701,0.7119593136751259
S1,16,0.27055560978115695,0.35319815916258934,-0.4653703893968975,0.3384362478167061,0.7119593136751259
S1,32,0.4375492140141787,0.20657598781127437,0.144713860063701,0.3716223158327338,0.7119593136751259
S1,64,0.5482792304530979,0.16508645599547694,0.3384362478167061,0.6024350148977706,0.7119593136751259
S1,128,0.6442635621082914,0.11517690280638992,0.3409534573101819,0.7119593136751259,0.7119593136751259
S1,256,0.6935213705948834,0.05780347892673777,0.6024350148977706,0.7119593136751259,0.7119593136751259
S1,512,0.7106076492345628,0.01231395825294838,0.7119593136751259,0.7119593136751259,0.7119593136751259
S2,1,-0.7075933038233262,0.6311132869858889,-2.306500803561484,-0.6650359702054607,-0.0544353234666474
S2,2,-0.40175053064548366,0.35763258690300603,-0.8758643368982351,-0.3604888199757077,0.037925626804477
S2,4,-0.2011533573665108,0.21906010332216153,-0.6650359702054607,-0.1235681312289278,0.1018640151200391
S2,8,-0.09473642970401722,0.138337833742724,-0.3604888199757077,-0.0967049559146191,0.1252724948595048
S2,16,-0.01717083770179656,0.11033423513708461,-0.1235681312289278,-0.0544353234666474,0.2233547321726922
S2,32,0.037183744189870256,0.09873179099351292,-0.0967049559146191,0.057989027717125,0.2233547321726922
S2,64,0.09534503993055235,0.08496006677062477,-0.0773558318761968,0.1018640151200391,0.2233547321726922
S2,128,0.13896332258971322,0.06359798320277134,0.0204505955548638,0.1252724948595048,0.2233547321726922
S2,256,0.17042934935387988,0.05368833432801878,0.1018640151200391,0.1274047174097913,0.2233547321726922
S2,512,0.19767276571895315,0.04325115909392462,0.1252724948595048,0.2233547321726922,0.2233547321726922
S3,1,-0.37304471107953463,0.4538052260294972,-1.4965469400770326,-0.3267749902799648,0.2901045847796838
S3,2,-0.13926071783740646,0.2787684114902421,-0.4676758720293292,-0.1381941899830958,0.334327247705652
S3,4,0.003008005579346737,0.2277763981939774,-0.3546978304508885,-0.0762675438473809,0.4131672209650666
S3,8,0.12919168095535125,0.21355911796663302,-0.1381941899830958,0.0909394355573334,0.4332189306189961
S3,16,0.2545338000814898,0.17992794149134078,-0.0762675438473809,0.2901045847796838,0.4332189306189961
S3,32,0.3487430358396571,0.12430181015237718,0.09062522435332643,0.3923658798333281,0.4332189306189961
S3,64,0.41401005289377324,0.09033259157867458,0.2901045847796838,0.4332189306189961,0.6494223455446808
S3,128,0.4590801536931005,0.08818592619315119,0.3923658798333281,0.4332189306189961,0.6494223455446808
S3,256,0.4941108885836907,0.09909985556528846,0.4332189306189961,0.4332189306189961,0.6494223455446808
S3,512,0.539887033146951,0.10815063535649168,0.4332189306189961,0.4332189306189961,0.6494223455446808
S4,1,-0.49433466484690214,0.3635454927797854,-1.1527304793887136,-0.4853274918544503,0.1713304704476742
S4,2,-0.27283377819385746,0.2863553106283777,-0.6833715080640279,-0.2673502178720854,0.228502279526686
S4,4,-0.11694738987401024,0.24468227566545903,-0.4853274918544503,-0.1765092605497684,0.2697169635179306
S4,8,0.020246897152629634,0.2111535449102392,-0.2868032015932583,0.0060281888172146,0.2931354733973406
S4,16,0.1433700178908439,0.16851060935672796,-0.180834269074436,0.21783263952623,0.3486996485821002
S4,32,0.23343243072666975,0.10280408344008023,-0.0101358073714483,0.2672695732056344,0.3486996485821002
S4,64,0.2824327348973138,0.05837903971606845,0.21783263952623,0.2734967439715922,0.3486996485821002
S4,128,0.3116066451205155,0.03996082984247603,0.228502279526686,0.2931354733973406,0.3486996485821002
S4,256,0.3336220885741409,0.027704118565033013,0.2697187166628535,0.3486996485821002,0.3486996485821002
S4,512,0.345524409475047,0.013253203922189148,0.2931354733973406,0.3486996485821002,0.3486996485821002
S5,1,-11.029680351806572,18.688779871673717,-66.52804604726975,-3.0398668839989123,0.2302363488182562
S5,2,-3.789903864439011,7.1345707964907685,-17.078782939418634,-2.450421081227927,0.2302363488182562
S5,4,-1.251169688943222,1.908144587617715,-3.628905188807391,-0.8520782396088018,0.2302363488182562
S5,8,-0.45693921488725875,0.8615719608975364,-2.660825862537354,-0.2591687041564792,0.3991442542787289
S5,16,-0.004888888888888708,0.45367390716036665,-1.0900570497147508,0.2302363488182562,0.5984107579462103
S5,32,0.2163009712034775,0.25385223078349833,-0.2591687041564792,0.2302363488182562,0.6232681336593318
S5,64,0.329407905460473,0.16244229403177926,0.2302363488182562,0.2302363488182562,0.6232681336593318
S5,128,0.41882256859549055,0.15309314161421628,0.2302363488182562,0.3991442542787289,0.6232681336593318
S5,256,0.5032126799782669,0.13035615320107233,0.2302363488182562,0.5984107579462103,0.6232681336593318
S5,512,0.5673004618310242,0.09421086381679636,0.3991442542787289,0.6232681336593318,0.6232681336593318
