residue,group,C_top,C_bottom,abs_diff,C_diff,property,scheme
A,hydrophobic,0.25336344476676254,0.24232173038889343,0.011041714377869105,0.224821428418841,toughness,A_lehninger_style
C,polar,0.0025285637015269543,0.0031584835260823362,0.0006299198245553819,0.03096786149950878,toughness,A_lehninger_style
D,charged,0.00986919567726898,0.010221134443266723,0.00035193876599774396,0.24393675452887187,toughness,A_lehninger_style
E,charged,0.00875289532106001,0.009648513980233885,0.0008956186591738743,0.6207736405365905,toughness,A_lehninger_style
F,hydrophobic,0.007446914396515516,0.011646958879472867,0.00420004448295735,0.0855175172773644,toughness,A_lehninger_style
G,hydrophobic,0.3186628732438755,0.2695496083050083,0.049113264938867196,1.0,toughness,A_lehninger_style
H,charged,0.0010850400783359933,0.002527786033850004,0.0014427459555140108,1.0,toughness,A_lehninger_style
I,hydrophobic,0.017127978385064066,0.022224771384318043,0.0050967929992539775,0.10377630168953568,toughness,A_lehninger_style
K,charged,0.004090564601896638,0.005314793643532611,0.0012242290416359727,0.8485409624314721,toughness,A_lehninger_style
L,hydrophobic,0.0403052190192728,0.04473958038265481,0.00443436136338201,0.09028846624026313,toughness,A_lehninger_style
M,hydrophobic,0.009309723640740212,0.014448349388993434,0.005138625748253222,0.1046280623910756,toughness,A_lehninger_style
N,polar,0.018083672979556497,0.022488007586394295,0.004404334606837798,0.2165241016161333,toughness,A_lehninger_style
P,hydrophobic,0.0180973403132186,0.02116581593268997,0.003068475619471371,0.062477532766164044,toughness,A_lehninger_style
Q,polar,0.09387058923134697,0.08344826225061902,0.010422326980727953,0.5123781882394151,toughness,A_lehninger_style
R,charged,0.012878094158463957,0.012588151382555384,0.00028994277590857313,0.20096592529020432,toughness,A_lehninger_style
S,polar,0.10064239335346978,0.12098347581941189,0.020341082465942115,1.0,toughness,A_lehninger_style
T,polar,0.017651183840940717,0.030233191837487502,0.012582007996546785,0.618551545504687,toughness,A_lehninger_style
V,hydrophobic,0.027669198888900737,0.035244571515880896,0.007575372626980159,0.15424290436421728,toughness,A_lehninger_style
W,hydrophobic,0.0016310666370940787,0.0027245580023861544,0.0010934913652920757,0.022264684839282796,toughness,A_lehninger_style
Y,polar,0.03693404776468936,0.03532225531626851,0.0016117924484208498,0.07923828297336379,toughness,A_lehninger_style
A,hydrophobic,0.25336344476676254,0.24232173038889343,0.011041714377869105,1.0,toughness,B_alternative
C,hydrophobic,0.0025285637015269543,0.0031584835260823362,0.0006299198245553819,0.057049096091267265,toughness,B_alternative
D,charged,0.00986919567726898,0.010221134443266723,0.00035193876599774396,0.2874778771196589,toughness,B_alternative
E,charged,0.00875289532106001,0.009648513980233885,0.0008956186591738743,0.7315776939722269,toughness,B_alternative
F,hydrophobic,0.007446914396515516,0.011646958879472867,0.00420004448295735,0.38037974350934983,toughness,B_alternative
G,polar,0.3186628732438755,0.2695496083050083,0.049113264938867196,1.0,toughness,B_alternative
H,polar,0.0010850400783359933,0.002527786033850004,0.0014427459555140108,0.029375891774041932,toughness,B_alternative
I,hydrophobic,0.017127978385064066,0.022224771384318043,0.0050967929992539775,0.46159435254632863,toughness,B_alternative
K,charged,0.004090564601896638,0.005314793643532611,0.0012242290416359727,1.0,toughness,B_alternative
L,hydrophobic,0.0403052190192728,0.04473958038265481,0.00443436136338201,0.40160080324752784,toughness,B_alternative
M,hydrophobic,0.009309723640740212,0.014448349388993434,0.005138625748253222,0.46538296250014977,toughness,B_alternative
N,polar,0.018083672979556497,0.022488007586394295,0.004404334606837798,0.08967708850796235,toughness,B_alternative
P,hydrophobic,0.0180973403132186,0.02116581593268997,0.003068475619471371,0.2778984779412075,toughness,B_alternative
Q,polar,0.09387058923134697,0.08344826225061902,0.010422326980727953,0.21221002093224603,toughness,B_alternative
R,charged,0.012878094158463957,0.012588151382555384,0.00028994277590857313,0.2368370346133222,toughness,B_alternative
S,polar,0.10064239335346978,0.12098347581941189,0.020341082465942115,0.41416677329966334,toughness,B_alternative
T,polar,0.017651183840940717,0.030233191837487502,0.012582007996546785,0.25618349772119614,toughness,B_alternative
V,hydrophobic,0.027669198888900737,0.035244571515880896,0.007575372626980159,0.6860685186861444,toughness,B_alternative
W,hydrophobic,0.0016310666370940787,0.0027245580023861544,0.0010934913652920757,0.09903275233090245,toughness,B_alternative
Y,hydrophobic,0.03693404776468936,0.03532225531626851,0.0016117924484208498,0.14597302495447298,toughness,B_alternative
A,hydrophobic,0.27932933404453236,0.21875004082671626,0.060579293217816105,1.0,E,A_lehninger_style
C,polar,0.002773934808390883,0.0029064018656991936,0.0001324670573083107,0.00509984893726956,E,A_lehninger_style
D,charged,0.010410807131095857,0.009748028356280563,0.0006627787748152945,0.21361815673679033,E,A_lehninger_style
E,charged,0.011231795276887184,0.008129162125567854,0.003102633151319331,1.0,E,A_lehninger_style
F,hydrophobic,0.009331980046842462,0.009115000069527235,0.00021697997731522783,0.003581751548917295,E,A_lehninger_style
G,hydrophobic,0.2880796185705993,0.3085178342979741,0.020438215727374753,0.33737956720439194,E,A_lehninger_style
H,charged,0.00129630216036201,0.002123711265345672,0.000827409104983662,0.26667964423438956,E,A_lehninger_style
I,hydrophobic,0.02084569965346556,0.01867605772128326,0.0021696419321823,0.03581490996240639,E,A_lehninger_style
K,charged,0.005813796015382101,0.004232103654285954,0.0015816923610961478,0.5097903245259807,E,A_lehninger_style
L,hydrophobic,0.03415328946008954,0.03841639126136168,0.004263101801272144,0.07037226046768047,E,A_lehninger_style
M,hydrophobic,0.012086590758317153,0.012104612760097702,1.802200178054915e-05,0.0002974944213322211,E,A_lehninger_style
N,polar,0.019174865203713105,0.016679716831022023,0.002495148372691082,0.0960607115109528,E,A_lehninger_style
P,hydrophobic,0.01587754639139459,0.014626328309610305,0.0012512180817842843,0.02065422053184844,E,A_lehninger_style
Q,polar,0.0835887424817758,0.10956344466172567,0.025974702179949877,1.0,E,A_lehninger_style
R,charged,0.015894448220658594,0.013425002661010745,0.0024694455596478496,0.795919285074927,E,A_lehninger_style
S,polar,0.10383224886403962,0.12476944192993854,0.020937193065898918,0.8060609481043651,E,A_lehninger_style
T,polar,0.02106018556987221,0.01675896296790522,0.0043012226019669905,0.16559275914574859,E,A_lehninger_style
V,hydrophobic,0.029623321814142695,0.03259384922049429,0.0029705274063515953,0.049035359255032974,E,A_lehninger_style
W,hydrophobic,0.0017409164546759216,0.0011706720535140961,0.0005702444011618255,0.009413190066636814,E,A_lehninger_style
Y,polar,0.033854577073763104,0.037693237160639666,0.003838660086876562,0.14778456593198827,E,A_lehninger_style
A,hydrophobic,0.27932933404453236,0.21875004082671626,0.060579293217816105,1.0,E,B_alternative
C,hydrophobic,0.002773934808390883,0.0029064018656991936,0.0001324670573083107,0.002186672215405655,E,B_alternative
D,charged,0.010410807131095857,0.009748028356280563,0.0006627787748152945,0.21361815673679033,E,B_alternative
E,charged,0.011231795276887184,0.008129162125567854,0.003102633151319331,1.0,E,B_alternative
F,hydrophobic,0.009331980046842462,0.009115000069527235,0.00021697997731522783,0.003581751548917295,E,B_alternative
G,polar,0.2880796185705993,0.3085178342979741,0.020438215727374753,0.7868508206862602,E,B_alternative
H,polar,0.00129630216036201,0.002123711265345672,0.000827409104983662,0.031854421246159545,E,B_alternative
I,hydrophobic,0.02084569965346556,0.01867605772128326,0.0021696419321823,0.03581490996240639,E,B_alternative
K,charged,0.005813796015382101,0.004232103654285954,0.0015816923610961478,0.5097903245259807,E,B_alternative
L,hydrophobic,0.03415328946008954,0.03841639126136168,0.004263101801272144,0.07037226046768047,E,B_alternative
M,hydrophobic,0.012086590758317153,0.012104612760097702,1.802200178054915e-05,0.0002974944213322211,E,B_alternative
N,polar,0.019174865203713105,0.016679716831022023,0.002495148372691082,0.0960607115109528,E,B_alternative
P,hydrophobic,0.01587754639139459,0.014626328309610305,0.0012512180817842843,0.02065422053184844,E,B_alternative
Q,polar,0.0835887424817758,0.10956344466172567,0.025974702179949877,1.0,E,B_alternative
R,charged,0.015894448220658594,0.013425002661010745,0.0024694455596478496,0.795919285074927,E,B_alternative
S,polar,0.10383224886403962,0.12476944192993854,0.020937193065898918,0.8060609481043651,E,B_alternative
T,polar,0.02106018556987221,0.01675896296790522,0.0043012226019669905,0.16559275914574859,E,B_alternative
V,hydrophobic,0.029623321814142695,0.03259384922049429,0.0029705274063515953,0.049035359255032974,E,B_alternative
W,hydrophobic,0.0017409164546759216,0.0011706720535140961,0.0005702444011618255,0.009413190066636814,E,B_alternative
Y,hydrophobic,0.033854577073763104,0.037693237160639666,0.003838660086876562,0.06336587772779807,E,B_alternative
A,hydrophobic,0.2235966124699821,0.25941296937565644,0.035816356905674335,1.0,strength,A_lehninger_style
C,polar,0.002918694729805796,0.002739668410509284,0.00017902631929651207,0.03290819087680259,strength,A_lehninger_style
D,charged,0.009823215898001609,0.00868269946089005,0.0011405164371115582,0.3952145064960189,strength,A_lehninger_style
E,charged,0.010539162646738898,0.007653346416906133,0.002885816229832765,1.0,strength,A_lehninger_style
F,hydrophobic,0.011066546988188718,0.00806366842951199,0.0030028785586767286,0.08384098267127182,strength,A_lehninger_style
G,hydrophobic,0.2943675182086758,0.29954830440131847,0.005180786192642672,0.14464860863115556,strength,A_lehninger_style
H,charged,0.001185674273593242,0.0016332703873848285,0.00044759611379158637,0.1551020848675194,strength,A_lehninger_style
I,hydrophobic,0.020915041378375406,0.01797874462828166,0.0029362967500937455,0.08198200497685325,strength,A_lehninger_style
K,charged,0.005406982213674748,0.003688569072552662,0.0017184131411220865,0.5954686661463782,strength,A_lehninger_style
L,hydrophobic,0.04382260838700483,0.041056585767764574,0.0027660226192402562,0.07722791646634611,strength,A_lehninger_style
M,hydrophobic,0.013275560867197791,0.010030475783971121,0.0032450850832266703,0.09060343830537818,strength,A_lehninger_style
N,polar,0.020276763484307996,0.018667423067136084,0.0016093404171719124,0.2958251157827285,strength,A_lehninger_style
P,hydrophobic,0.025019293013799477,0.017184174260380918,0.007835118753418559,0.2187581158534092,strength,A_lehninger_style
Q,polar,0.09373740942319557,0.08829723436262395,0.005440175060571623,1.0,strength,A_lehninger_style
R,charged,0.012600022594937746,0.01302850777382589,0.0004284851788881449,0.14847971761284878,strength,A_lehninger_style
S,polar,0.11564299543399692,0.11046263553765101,0.00518035989634591,0.9522413964012377,strength,A_lehninger_style
T,polar,0.025237635960089023,0.022020400490198717,0.003217235469890306,0.5913845481200852,strength,A_lehninger_style
V,hydrophobic,0.03351231593627971,0.03194694219673638,0.0015653737395433243,0.043705554522641146,strength,A_lehninger_style
W,hydrophobic,0.0024863119106031673,0.0016388683748655847,0.0008474435357375826,0.023660796601100525,strength,A_lehninger_style
Y,polar,0.034569634181551366,0.03626551180183436,0.001695877620282997,0.31173217799075825,strength,A_lehninger_style
A,hydrophobic,0.2235966124699821,0.25941296937565644,0.035816356905674335,1.0,strength,B_alternative
C,hydrophobic,0.002918694729805796,0.002739668410509284,0.00017902631929651207,0.0049984513993981666,strength,B_alternative
D,charged,0.009823215898001609,0.00868269946089005,0.0011405164371115582,0.3952145064960189,strength,B_alternative
E,charged,0.010539162646738898,0.007653346416906133,0.002885816229832765,1.0,strength,B_alternative
F,hydrophobic,0.011066546988188718,0.00806366842951199,0.0030028785586767286,0.08384098267127182,strength,B_alternative
G,polar,0.2943675182086758,0.29954830440131847,0.005180786192642672,0.9523197571694145,strength,B_alternative
H,polar,0.001185674273593242,0.0016332703873848285,0.00044759611379158637,0.08227604972413434,strength,B_alternative
I,hydrophobic,0.020915041378375406,0.01797874462828166,0.0029362967500937455,0.08198200497685325,strength,B_alternative
K,charged,0.005406982213674748,0.003688569072552662,0.0017184131411220865,0.5954686661463782,strength,B_alternative
L,hydrophobic,0.04382260838700483,0.041056585767764574,0.0027660226192402562,0.07722791646634611,strength,B_alternative
M,hydrophobic,0.013275560867197791,0.010030475783971121,0.0032450850832266703,0.09060343830537818,strength,B_alternative
N,polar,0.020276763484307996,0.018667423067136084,0.0016093404171719124,0.2958251157827285,strength,B_alternative
P,hydrophobic,0.025019293013799477,0.017184174260380918,0.007835118753418559,0.2187581158534092,strength,B_alternative
Q,polar,0.09373740942319557,0.08829723436262395,0.005440175060571623,1.0,strength,B_alternative
R,charged,0.012600022594937746,0.01302850777382589,0.0004284851788881449,0.14847971761284878,strength,B_alternative
S,polar,0.11564299543399692,0.11046263553765101,0.00518035989634591,0.9522413964012377,strength,B_alternative
T,polar,0.025237635960089023,0.022020400490198717,0.003217235469890306,0.5913845481200852,strength,B_alternative
V,hydrophobic,0.03351231593627971,0.03194694219673638,0.0015653737395433243,0.043705554522641146,strength,B_alternative
W,hydrophobic,0.0024863119106031673,0.0016388683748655847,0.0008474435357375826,0.023660796601100525,strength,B_alternative
Y,hydrophobic,0.034569634181551366,0.03626551180183436,0.001695877620282997,0.047349249527227084,strength,B_alternative
A,hydrophobic,0.22785800009686985,0.2222121928547349,0.005645807242134954,0.11691334715566182,strain,A_lehninger_style
C,polar,0.0026958183604501654,0.003307862566878314,0.0006120442064281488,0.044095498454438414,strain,A_lehninger_style
D,charged,0.012643470481264579,0.012670775732362626,2.7305251098046907e-05,0.011644700760463715,strain,A_lehninger_style
E,charged,0.01020544079297756,0.011584568780130443,0.0013791279871528828,0.5881481427550277,strain,A_lehninger_style
F,hydrophobic,0.008681938600003263,0.01484912409331276,0.006167185493309498,0.1277100452830904,strain,A_lehninger_style
G,hydrophobic,0.3051809391997061,0.25689041139009716,0.04829052780960896,1.0,strain,A_lehninger_style
H,charged,0.0014546639554912193,0.002343869195721191,0.0008892052402299719,0.3792138332635555,strain,A_lehninger_style
I,hydrophobic,0.018907887435088404,0.02538747807103706,0.006479590635948655,0.13417932936030844,strain,A_lehninger_style
K,charged,0.004824961708893048,0.007169826695956876,0.0023448649870638286,1.0,strain,A_lehninger_style
L,hydrophobic,0.039636120638312206,0.045949623615424255,0.00631350297711205,0.13073998698054765,strain,A_lehninger_style
M,hydrophobic,0.011172434162044005,0.017551927562772608,0.006379493400728603,0.132106516331329,strain,A_lehninger_style
N,polar,0.017247672521290454,0.025643364086809714,0.00839569156551926,0.604878210696301,strain,A_lehninger_style
P,hydrophobic,0.01880393332191889,0.02109441009775461,0.0022904767758357217,0.04743118122183699,strain,A_lehninger_style
Q,polar,0.09435692331323259,0.08427783062596113,0.01007909268727146,0.7261609722726714,strain,A_lehninger_style
R,charged,0.013123306309175539,0.012554967708178811,0.0005683386009967279,0.24237583150080846,strain,A_lehninger_style
S,polar,0.1265511312411548,0.12683725307350568,0.00028612183235088295,0.02061400905963904,strain,A_lehninger_style
T,polar,0.019476364712099757,0.0333563349557867,0.013879970243686944,1.0,strain,A_lehninger_style
V,hydrophobic,0.02680877049367874,0.03588703017148406,0.009078259677805324,0.18799255443215326,strain,A_lehninger_style
W,hydrophobic,0.001745995946945075,0.0034956877634146357,0.0017496918164695606,0.036232609081597214,strain,A_lehninger_style
Y,polar,0.038624226709403686,0.0369354609586765,0.0016887657507271836,0.12166926305157523,strain,A_lehninger_style
A,hydrophobic,0.22785800009686985,0.2222121928547349,0.005645807242134954,0.6219041360909641,strain,B_alternative
C,hydrophobic,0.0026958183604501654,0.003307862566878314,0.0006120442064281488,0.06741867143594542,strain,B_alternative
D,charged,0.012643470481264579,0.012670775732362626,2.7305251098046907e-05,0.011644700760463715,strain,B_alternative
E,charged,0.01020544079297756,0.011584568780130443,0.0013791279871528828,0.5881481427550277,strain,B_alternative
F,hydrophobic,0.008681938600003263,0.01484912409331276,0.006167185493309498,0.6793356559723812,strain,B_alternative
G,polar,0.3051809391997061,0.25689041139009716,0.04829052780960896,1.0,strain,B_alternative
H,polar,0.0014546639554912193,0.002343869195721191,0.0008892052402299719,0.018413657513452062,strain,B_alternative
I,hydrophobic,0.018907887435088404,0.02538747807103706,0.006479590635948655,0.7137481043630051,strain,B_alternative
K,charged,0.004824961708893048,0.007169826695956876,0.0023448649870638286,1.0,strain,B_alternative
L,hydrophobic,0.039636120638312206,0.045949623615424255,0.00631350297711205,0.6954530054419354,strain,B_alternative
M,hydrophobic,0.011172434162044005,0.017551927562772608,0.006379493400728603,0.7027220664688951,strain,B_alternative
N,polar,0.017247672521290454,0.025643364086809714,0.00839569156551926,0.17385793749491107,strain,B_alternative
P,hydrophobic,0.01880393332191889,0.02109441009775461,0.0022904767758357217,0.2523035093868835,strain,B_alternative
Q,polar,0.09435692331323259,0.08427783062596113,0.01007909268727146,0.2087177992133252,strain,B_alternative
R,charged,0.013123306309175539,0.012554967708178811,0.0005683386009967279,0.24237583150080846,strain,B_alternative
S,polar,0.1265511312411548,0.12683725307350568,0.00028612183235088295,0.005925009423772539,strain,B_alternative
T,polar,0.019476364712099757,0.0333563349557867,0.013879970243686944,0.2874263519837751,strain,B_alternative
V,hydrophobic,0.02680877049367874,0.03588703017148406,0.009078259677805324,1.0,strain,B_alternative
W,hydrophobic,0.001745995946945075,0.0034956877634146357,0.0017496918164695606,0.1927342771156057,strain,B_alternative
Y,hydrophobic,0.038624226709403686,0.0369354609586765,0.0016887657507271836,0.18602307167483934,strain,B_alternative
