name,motif,relative_position,set,role,containment
S1_gen,polyA,0.08018867924528301,S1,generated,
S1_gen,polyA,0.25,S1,generated,
S1_gen,polyA,0.39905660377358493,S1,generated,
S1_gen,polyA,0.5311320754716982,S1,generated,
S1_gen,polyA,0.6707547169811321,S1,generated,
S1_gen,polyA,0.7471698113207547,S1,generated,
S1_gen,GGX,0.014150943396226415,S1,generated,
S1_gen,GGX,0.05377358490566038,S1,generated,
S1_gen,GGX,0.06886792452830189,S1,generated,
S1_gen,GGX,0.09716981132075472,S1,generated,
S1_gen,GGX,0.12452830188679245,S1,generated,
S1_gen,GGX,0.14528301886792452,S1,generated,
S1_gen,GGX,0.1660377358490566,S1,generated,
S1_gen,GGX,0.18679245283018867,S1,generated,
S1_gen,GGX,0.21415094339622642,S1,generated,
S1_gen,GGX,0.22358490566037736,S1,generated,
S1_gen,GGX,0.23867924528301887,S1,generated,
S1_gen,GGX,0.2669811320754717,S1,generated,
S1_gen,GGX,0.2943396226415094,S1,generated,
S1_gen,GGX,0.3150943396226415,S1,generated,
S1_gen,GGX,0.33584905660377357,S1,generated,
S1_gen,GGX,0.3632075471698113,S1,generated,
S1_gen,GGX,0.37264150943396224,S1,generated,
S1_gen,GGX,0.3877358490566038,S1,generated,
S1_gen,GGX,0.4160377358490566,S1,generated,
S1_gen,GGX,0.44056603773584907,S1,generated,
S1_gen,GGX,0.4650943396226415,S1,generated,
S1_gen,GGX,0.5047169811320755,S1,generated,
S1_gen,GGX,0.519811320754717,S1,generated,
S1_gen,GGX,0.5481132075471699,S1,generated,
S1_gen,GGX,0.5754716981132075,S1,generated,
S1_gen,GGX,0.5962264150943396,S1,generated,
S1_gen,GGX,0.6169811320754717,S1,generated,
S1_gen,GGX,0.6443396226415095,S1,generated,
S1_gen,GGX,0.659433962264151,S1,generated,
S1_gen,GGX,0.6877358490566038,S1,generated,
S1_gen,GGX,0.7122641509433962,S1,generated,
S1_gen,GGX,0.7575471698113208,S1,generated,
S1_gen,GPGXX,0.016981132075471698,S1,generated,
S1_gen,GPGXX,0.03679245283018868,S1,generated,
S1_gen,GPGXX,0.05188679245283019,S1,generated,
S1_gen,GPGXX,0.0669811320754717,S1,generated,
S1_gen,GPGXX,0.09528301886792453,S1,generated,
S1_gen,GPGXX,0.11509433962264151,S1,generated,
S1_gen,GPGXX,0.14056603773584905,S1,generated,
S1_gen,GPGXX,0.16132075471698112,S1,generated,
S1_gen,GPGXX,0.1820754716981132,S1,generated,
S1_gen,GPGXX,0.21226415094339623,S1,generated,
S1_gen,GPGXX,0.23679245283018868,S1,generated,
S1_gen,GPGXX,0.2650943396226415,S1,generated,
S1_gen,GPGXX,0.2849056603773585,S1,generated,
S1_gen,GPGXX,0.310377358490566,S1,generated,
S1_gen,GPGXX,0.3311320754716981,S1,generated,
S1_gen,GPGXX,0.3613207547169811,S1,generated,
S1_gen,GPGXX,0.3858490566037736,S1,generated,
S1_gen,GPGXX,0.41415094339622643,S1,generated,
S1_gen,GPGXX,0.4386792452830189,S1,generated,
S1_gen,GPGXX,0.4679245283018868,S1,generated,
S1_gen,GPGXX,0.4877358490566038,S1,generated,
S1_gen,GPGXX,0.5028301886792453,S1,generated,
S1_gen,GPGXX,0.5179245283018868,S1,generated,
S1_gen,GPGXX,0.5462264150943397,S1,generated,
S1_gen,GPGXX,0.5660377358490566,S1,generated,
S1_gen,GPGXX,0.5915094339622642,S1,generated,
S1_gen,GPGXX,0.6122641509433963,S1,generated,
S1_gen,GPGXX,0.6377358490566037,S1,generated,
S1_gen,GPGXX,0.6575471698113208,S1,generated,
S1_gen,GPGXX,0.6858490566037736,S1,generated,
S1_gen,GPGXX,0.710377358490566,S1,generated,
S1_gen,GPGXX,0.7349056603773585,S1,generated,
S1_gen,GPGXX,0.780188679245283,S1,generated,
S1_gen,QQ,0.7735849056603774,S1,generated,
S1_nb1,polyA,0.08288043478260869,S1,neighbour1,0.6145833333333334
S1_nb1,polyA,0.17391304347826086,S1,neighbour1,0.6145833333333334
S1_nb1,polyA,0.27853260869565216,S1,neighbour1,0.6145833333333334
S1_nb1,polyA,0.391304347826087,S1,neighbour1,0.6145833333333334
S1_nb1,polyA,0.5040760869565217,S1,neighbour1,0.6145833333333334
S1_nb1,polyA,0.6046195652173914,S1,neighbour1,0.6145833333333334
S1_nb1,GGX,0.033967391304347824,S1,neighbour1,0.6145833333333334
S1_nb1,GGX,0.04755434782608696,S1,neighbour1,0.6145833333333334
S1_nb1,GGX,0.06929347826086957,S1,neighbour1,0.6145833333333334
S1_nb1,GGX,0.10733695652173914,S1,neighbour1,0.6145833333333334
S1_nb1,GGX,0.14266304347826086,S1,neighbour1,0.6145833333333334
S1_nb1,GGX,0.18885869565217392,S1,neighbour1,0.6145833333333334
S1_nb1,GGX,0.23777173913043478,S1,neighbour1,0.6145833333333334
S1_nb1,GGX,0.2595108695652174,S1,neighbour1,0.6145833333333334
S1_nb1,GGX,0.30027173913043476,S1,neighbour1,0.6145833333333334
S1_nb1,GGX,0.37907608695652173,S1,neighbour1,0.6145833333333334
S1_nb1,GGX,0.4116847826086957,S1,neighbour1,0.6145833333333334
S1_nb1,GGX,0.46875,S1,neighbour1,0.6145833333333334
S1_nb1,GGX,0.5149456521739131,S1,neighbour1,0.6145833333333334
S1_nb1,GGX,0.563858695652174,S1,neighbour1,0.6145833333333334
S1_nb1,GGX,0.5855978260869565,S1,neighbour1,0.6145833333333334
S1_nb1,GGX,0.626358695652174,S1,neighbour1,0.6145833333333334
S1_nb1,GPGXX,0.03125,S1,neighbour1,0.6145833333333334
S1_nb1,GPGXX,0.06657608695652174,S1,neighbour1,0.6145833333333334
S1_nb1,GPGXX,0.10461956521739131,S1,neighbour1,0.6145833333333334
S1_nb1,GPGXX,0.1331521739130435,S1,neighbour1,0.6145833333333334
S1_nb1,GPGXX,0.16168478260869565,S1,neighbour1,0.6145833333333334
S1_nb1,GPGXX,0.22146739130434784,S1,neighbour1,0.6145833333333334
S1_nb1,GPGXX,0.25679347826086957,S1,neighbour1,0.6145833333333334
S1_nb1,GPGXX,0.297554347826087,S1,neighbour1,0.6145833333333334
S1_nb1,GPGXX,0.31929347826086957,S1,neighbour1,0.6145833333333334
S1_nb1,GPGXX,0.34782608695652173,S1,neighbour1,0.6145833333333334
S1_nb1,GPGXX,0.3763586956521739,S1,neighbour1,0.6145833333333334
S1_nb1,GPGXX,0.40896739130434784,S1,neighbour1,0.6145833333333334
S1_nb1,GPGXX,0.43070652173913043,S1,neighbour1,0.6145833333333334
S1_nb1,GPGXX,0.46603260869565216,S1,neighbour1,0.6145833333333334
S1_nb1,GPGXX,0.48777173913043476,S1,neighbour1,0.6145833333333334
S1_nb1,GPGXX,0.5475543478260869,S1,neighbour1,0.6145833333333334
S1_nb1,GPGXX,0.5828804347826086,S1,neighbour1,0.6145833333333334
S1_nb1,GPGXX,0.623641304347826,S1,neighbour1,0.6145833333333334
S1_nb1,GPGXX,0.6453804347826086,S1,neighbour1,0.6145833333333334
S1_nb1,GPGXX,0.6807065217391305,S1,neighbour1,0.6145833333333334
S1_nb1,QQ,0.021739130434782608,S1,neighbour1,0.6145833333333334
S1_nb1,QQ,0.13043478260869565,S1,neighbour1,0.6145833333333334
S1_nb1,QQ,0.21195652173913043,S1,neighbour1,0.6145833333333334
S1_nb1,QQ,0.3451086956521739,S1,neighbour1,0.6145833333333334
S1_nb1,QQ,0.45652173913043476,S1,neighbour1,0.6145833333333334
S1_nb1,QQ,0.5380434782608695,S1,neighbour1,0.6145833333333334
S1_nb1,QQ,0.6494565217391305,S1,neighbour1,0.6145833333333334
S1_nb1,QQ,0.6711956521739131,S1,neighbour1,0.6145833333333334
S1_nb2,polyA,0.08288043478260869,S1,neighbour2,0.6145833333333334
S1_nb2,polyA,0.17391304347826086,S1,neighbour2,0.6145833333333334
S1_nb2,polyA,0.27853260869565216,S1,neighbour2,0.6145833333333334
S1_nb2,polyA,0.391304347826087,S1,neighbour2,0.6145833333333334
S1_nb2,polyA,0.5040760869565217,S1,neighbour2,0.6145833333333334
S1_nb2,polyA,0.6046195652173914,S1,neighbour2,0.6145833333333334
S1_nb2,GGX,0.033967391304347824,S1,neighbour2,0.6145833333333334
S1_nb2,GGX,0.04755434782608696,S1,neighbour2,0.6145833333333334
S1_nb2,GGX,0.06929347826086957,S1,neighbour2,0.6145833333333334
S1_nb2,GGX,0.10733695652173914,S1,neighbour2,0.6145833333333334
S1_nb2,GGX,0.14266304347826086,S1,neighbour2,0.6145833333333334
S1_nb2,GGX,0.18885869565217392,S1,neighbour2,0.6145833333333334
S1_nb2,GGX,0.23777173913043478,S1,neighbour2,0.6145833333333334
S1_nb2,GGX,0.2595108695652174,S1,neighbour2,0.6145833333333334
S1_nb2,GGX,0.30027173913043476,S1,neighbour2,0.6145833333333334
S1_nb2,GGX,0.37907608695652173,S1,neighbour2,0.6145833333333334
S1_nb2,GGX,0.4116847826086957,S1,neighbour2,0.6145833333333334
S1_nb2,GGX,0.46875,S1,neighbour2,0.6145833333333334
S1_nb2,GGX,0.5149456521739131,S1,neighbour2,0.6145833333333334
S1_nb2,GGX,0.563858695652174,S1,neighbour2,0.6145833333333334
S1_nb2,GGX,0.5855978260869565,S1,neighbour2,0.6145833333333334
S1_nb2,GGX,0.626358695652174,S1,neighbour2,0.6145833333333334
S1_nb2,GPGXX,0.03125,S1,neighbour2,0.6145833333333334
S1_nb2,GPGXX,0.06657608695652174,S1,neighbour2,0.6145833333333334
S1_nb2,GPGXX,0.10461956521739131,S1,neighbour2,0.6145833333333334
S1_nb2,GPGXX,0.1331521739130435,S1,neighbour2,0.6145833333333334
S1_nb2,GPGXX,0.16168478260869565,S1,neighbour2,0.6145833333333334
S1_nb2,GPGXX,0.22146739130434784,S1,neighbour2,0.6145833333333334
S1_nb2,GPGXX,0.25679347826086957,S1,neighbour2,0.6145833333333334
S1_nb2,GPGXX,0.297554347826087,S1,neighbour2,0.6145833333333334
S1_nb2,GPGXX,0.31929347826086957,S1,neighbour2,0.6145833333333334
S1_nb2,GPGXX,0.34782608695652173,S1,neighbour2,0.6145833333333334
S1_nb2,GPGXX,0.3763586956521739,S1,neighbour2,0.6145833333333334
S1_nb2,GPGXX,0.40896739130434784,S1,neighbour2,0.6145833333333334
S1_nb2,GPGXX,0.43070652173913043,S1,neighbour2,0.6145833333333334
S1_nb2,GPGXX,0.46603260869565216,S1,neighbour2,0.6145833333333334
S1_nb2,GPGXX,0.48777173913043476,S1,neighbour2,0.6145833333333334
S1_nb2,GPGXX,0.5475543478260869,S1,neighbour2,0.6145833333333334
S1_nb2,GPGXX,0.5828804347826086,S1,neighbour2,0.6145833333333334
S1_nb2,GPGXX,0.623641304347826,S1,neighbour2,0.6145833333333334
S1_nb2,GPGXX,0.6453804347826086,S1,neighbour2,0.6145833333333334
S1_nb2,GPGXX,0.6807065217391305,S1,neighbour2,0.6145833333333334
S1_nb2,QQ,0.021739130434782608,S1,neighbour2,0.6145833333333334
S1_nb2,QQ,0.13043478260869565,S1,neighbour2,0.6145833333333334
S1_nb2,QQ,0.21195652173913043,S1,neighbour2,0.6145833333333334
S1_nb2,QQ,0.3451086956521739,S1,neighbour2,0.6145833333333334
S1_nb2,QQ,0.45652173913043476,S1,neighbour2,0.6145833333333334
S1_nb2,QQ,0.5380434782608695,S1,neighbour2,0.6145833333333334
S1_nb2,QQ,0.6494565217391305,S1,neighbour2,0.6145833333333334
S1_nb2,QQ,0.6711956521739131,S1,neighbour2,0.6145833333333334
S2_gen,polyA,0.33367139959432046,S2,generated,
S2_gen,polyA,0.39553752535496955,S2,generated,
S2_gen,polyA,0.565922920892495,S2,generated,
S2_gen,polyA,0.691683569979716,S2,generated,
S2_gen,polyA,0.9290060851926978,S2,generated,
S2_gen,GGX,0.2099391480730223,S2,generated,
S2_gen,GGX,0.3154158215010142,S2,generated,
S2_gen,GGX,0.35192697768762676,S2,generated,
S2_gen,GGX,0.3620689655172414,S2,generated,
S2_gen,GGX,0.47565922920892495,S2,generated,
S2_gen,GGX,0.5020283975659229,S2,generated,
S2_gen,GGX,0.5283975659229209,S2,generated,
S2_gen,GGX,0.5547667342799188,S2,generated,
S2_gen,GGX,0.5851926977687627,S2,generated,
S2_gen,GGX,0.5953346855983773,S2,generated,
S2_gen,GGX,0.6217038539553753,S2,generated,
S2_gen,GGX,0.654158215010142,S2,generated,
S2_gen,GGX,0.6805273833671399,S2,generated,
S2_gen,GGX,0.7109533468559838,S2,generated,
S2_gen,GGX,0.7210953346855984,S2,generated,
S2_gen,GGX,0.7474645030425964,S2,generated,
S2_gen,GGX,0.7738336713995944,S2,generated,
S2_gen,GGX,0.8002028397565923,S2,generated,
S2_gen,GGX,0.8326572008113591,S2,generated,
S2_gen,GGX,0.8853955375253549,S2,generated,
S2_gen,GGX,0.9178498985801217,S2,generated,
S2_gen,GGX,0.9482758620689655,S2,generated,
S2_gen,GGX,0.9584178498985801,S2,generated,
S2_gen,GGX,0.9847870182555781,S2,generated,
S2_gen,GPGXX,0.36004056795131845,S2,generated,
S2_gen,GPGXX,0.38640973630831643,S2,generated,
S2_gen,GPGXX,0.4107505070993915,S2,generated,
S2_gen,GPGXX,0.42697768762677485,S2,generated,
S2_gen,GPGXX,0.48377281947261663,S2,generated,
S2_gen,GPGXX,0.5050709939148073,S2,generated,
S2_gen,GPGXX,0.5314401622718052,S2,generated,
S2_gen,GPGXX,0.552738336713996,S2,generated,
S2_gen,GPGXX,0.5933062880324543,S2,generated,
S2_gen,GPGXX,0.6196754563894523,S2,generated,
S2_gen,GPGXX,0.6359026369168357,S2,generated,
S2_gen,GPGXX,0.6572008113590264,S2,generated,
S2_gen,GPGXX,0.678498985801217,S2,generated,
S2_gen,GPGXX,0.7190669371196755,S2,generated,
S2_gen,GPGXX,0.7505070993914807,S2,generated,
S2_gen,GPGXX,0.7768762677484787,S2,generated,
S2_gen,GPGXX,0.7981744421906694,S2,generated,
S2_gen,GPGXX,0.8306288032454361,S2,generated,
S2_gen,GPGXX,0.8569979716024341,S2,generated,
S2_gen,GPGXX,0.8782961460446247,S2,generated,
S2_gen,GPGXX,0.8995943204868154,S2,generated,
S2_gen,GPGXX,0.9158215010141988,S2,generated,
S2_gen,GPGXX,0.9513184584178499,S2,generated,
S2_gen,GPGXX,0.9776876267748479,S2,generated,
S2_gen,QQ,0.036511156186612576,S2,generated,
S2_nb1,polyA,0.33367139959432046,S2,neighbour1,1.0
S2_nb1,polyA,0.39553752535496955,S2,neighbour1,1.0
S2_nb1,polyA,0.5720081135902637,S2,neighbour1,1.0
S2_nb1,polyA,0.691683569979716,S2,neighbour1,1.0
S2_nb1,polyA,0.9290060851926978,S2,neighbour1,1.0
S2_nb1,GGX,0.2099391480730223,S2,neighbour1,1.0
S2_nb1,GGX,0.3154158215010142,S2,neighbour1,1.0
S2_nb1,GGX,0.35192697768762676,S2,neighbour1,1.0
S2_nb1,GGX,0.3620689655172414,S2,neighbour1,1.0
S2_nb1,GGX,0.47565922920892495,S2,neighbour1,1.0
S2_nb1,GGX,0.5020283975659229,S2,neighbour1,1.0
S2_nb1,GGX,0.5608519269776876,S2,neighbour1,1.0
S2_nb1,GGX,0.5912778904665315,S2,neighbour1,1.0
S2_nb1,GGX,0.6217038539553753,S2,neighbour1,1.0
S2_nb1,GGX,0.654158215010142,S2,neighbour1,1.0
S2_nb1,GGX,0.6805273833671399,S2,neighbour1,1.0
S2_nb1,GGX,0.7109533468559838,S2,neighbour1,1.0
S2_nb1,GGX,0.7210953346855984,S2,neighbour1,1.0
S2_nb1,GGX,0.7474645030425964,S2,neighbour1,1.0
S2_nb1,GGX,0.7738336713995944,S2,neighbour1,1.0
S2_nb1,GGX,0.8002028397565923,S2,neighbour1,1.0
S2_nb1,GGX,0.8326572008113591,S2,neighbour1,1.0
S2_nb1,GGX,0.8853955375253549,S2,neighbour1,1.0
S2_nb1,GGX,0.9178498985801217,S2,neighbour1,1.0
S2_nb1,GGX,0.9482758620689655,S2,neighbour1,1.0
S2_nb1,GGX,0.9584178498985801,S2,neighbour1,1.0
S2_nb1,GGX,0.9847870182555781,S2,neighbour1,1.0
S2_nb1,GPGXX,0.36004056795131845,S2,neighbour1,1.0
S2_nb1,GPGXX,0.38640973630831643,S2,neighbour1,1.0
S2_nb1,GPGXX,0.4107505070993915,S2,neighbour1,1.0
S2_nb1,GPGXX,0.42697768762677485,S2,neighbour1,1.0
S2_nb1,GPGXX,0.48377281947261663,S2,neighbour1,1.0
S2_nb1,GPGXX,0.5050709939148073,S2,neighbour1,1.0
S2_nb1,GPGXX,0.5385395537525355,S2,neighbour1,1.0
S2_nb1,GPGXX,0.5588235294117647,S2,neighbour1,1.0
S2_nb1,GPGXX,0.5892494929006086,S2,neighbour1,1.0
S2_nb1,GPGXX,0.6054766734279919,S2,neighbour1,1.0
S2_nb1,GPGXX,0.6196754563894523,S2,neighbour1,1.0
S2_nb1,GPGXX,0.6359026369168357,S2,neighbour1,1.0
S2_nb1,GPGXX,0.6572008113590264,S2,neighbour1,1.0
S2_nb1,GPGXX,0.678498985801217,S2,neighbour1,1.0
S2_nb1,GPGXX,0.7190669371196755,S2,neighbour1,1.0
S2_nb1,GPGXX,0.7505070993914807,S2,neighbour1,1.0
S2_nb1,GPGXX,0.7768762677484787,S2,neighbour1,1.0
S2_nb1,GPGXX,0.7981744421906694,S2,neighbour1,1.0
S2_nb1,GPGXX,0.8306288032454361,S2,neighbour1,1.0
S2_nb1,GPGXX,0.8569979716024341,S2,neighbour1,1.0
S2_nb1,GPGXX,0.8782961460446247,S2,neighbour1,1.0
S2_nb1,GPGXX,0.8995943204868154,S2,neighbour1,1.0
S2_nb1,GPGXX,0.9158215010141988,S2,neighbour1,1.0
S2_nb1,GPGXX,0.9513184584178499,S2,neighbour1,1.0
S2_nb1,GPGXX,0.9776876267748479,S2,neighbour1,1.0
S2_nb1,QQ,0.036511156186612576,S2,neighbour1,1.0
S2_nb2,polyA,0.49251497005988026,S2,neighbour2,0.8737201365187713
S2_nb2,polyA,0.5838323353293413,S2,neighbour2,0.8737201365187713
S2_nb2,polyA,0.844311377245509,S2,neighbour2,0.8737201365187713
S2_nb2,GGX,0.30988023952095806,S2,neighbour2,0.8737201365187713
S2_nb2,GGX,0.4655688622754491,S2,neighbour2,0.8737201365187713
S2_nb2,GGX,0.5194610778443114,S2,neighbour2,0.8737201365187713
S2_nb2,GGX,0.5344311377245509,S2,neighbour2,0.8737201365187713
S2_nb2,GGX,0.7020958083832335,S2,neighbour2,0.8737201365187713
S2_nb2,GGX,0.7410179640718563,S2,neighbour2,0.8737201365187713
S2_nb2,GGX,0.8278443113772455,S2,neighbour2,0.8737201365187713
S2_nb2,GGX,0.8727544910179641,S2,neighbour2,0.8737201365187713
S2_nb2,GGX,0.9176646706586826,S2,neighbour2,0.8737201365187713
S2_nb2,GGX,0.9655688622754491,S2,neighbour2,0.8737201365187713
S2_nb2,GPGXX,0.531437125748503,S2,neighbour2,0.8737201365187713
S2_nb2,GPGXX,0.5703592814371258,S2,neighbour2,0.8737201365187713
S2_nb2,GPGXX,0.6062874251497006,S2,neighbour2,0.8737201365187713
S2_nb2,GPGXX,0.6302395209580839,S2,neighbour2,0.8737201365187713
S2_nb2,GPGXX,0.7140718562874252,S2,neighbour2,0.8737201365187713
S2_nb2,GPGXX,0.7455089820359282,S2,neighbour2,0.8737201365187713
S2_nb2,GPGXX,0.7949101796407185,S2,neighbour2,0.8737201365187713
S2_nb2,GPGXX,0.8248502994011976,S2,neighbour2,0.8737201365187713
S2_nb2,GPGXX,0.8697604790419161,S2,neighbour2,0.8737201365187713
S2_nb2,GPGXX,0.8937125748502994,S2,neighbour2,0.8737201365187713
S2_nb2,GPGXX,0.9146706586826348,S2,neighbour2,0.8737201365187713
S2_nb2,GPGXX,0.938622754491018,S2,neighbour2,0.8737201365187713
S2_nb2,GPGXX,0.9700598802395209,S2,neighbour2,0.8737201365187713
S2_nb2,QQ,0.05389221556886228,S2,neighbour2,0.8737201365187713
S3_gen,polyA,0.044585987261146494,S3,generated,
S3_gen,polyA,0.12526539278131635,S3,generated,
S3_gen,polyA,0.21443736730360935,S3,generated,
S3_gen,polyA,0.3036093418259023,S3,generated,
S3_gen,polyA,0.39278131634819535,S3,generated,
S3_gen,polyA,0.4819532908704883,S3,generated,
S3_gen,polyA,0.5711252653927813,S3,generated,
S3_gen,polyA,0.6602972399150743,S3,generated,
S3_gen,GGX,0.020169851380042462,S3,generated,
S3_gen,GGX,0.05626326963906582,S3,generated,
S3_gen,GGX,0.09872611464968153,S3,generated,
S3_gen,GGX,0.13481953290870488,S3,generated,
S3_gen,GGX,0.18789808917197454,S3,generated,
S3_gen,GGX,0.22399150743099788,S3,generated,
S3_gen,GGX,0.2770700636942675,S3,generated,
S3_gen,GGX,0.31316348195329086,S3,generated,
S3_gen,GGX,0.3662420382165605,S3,generated,
S3_gen,GGX,0.4023354564755839,S3,generated,
S3_gen,GGX,0.4554140127388535,S3,generated,
S3_gen,GGX,0.49150743099787686,S3,generated,
S3_gen,GGX,0.5445859872611465,S3,generated,
S3_gen,GGX,0.5806794055201698,S3,generated,
S3_gen,GGX,0.6337579617834395,S3,generated,
S3_gen,GGX,0.6698513800424628,S3,generated,
S3_gen,GGX,0.7229299363057324,S3,generated,
S3_gen,GGX,0.7590233545647559,S3,generated,
S3_gen,GPGXX,0.012738853503184714,S3,generated,
S3_gen,GPGXX,0.03503184713375796,S3,generated,
S3_gen,GPGXX,0.08067940552016985,S3,generated,
S3_gen,GPGXX,0.11358811040339703,S3,generated,
S3_gen,GPGXX,0.16454352441613587,S3,generated,
S3_gen,GPGXX,0.20276008492569003,S3,generated,
S3_gen,GPGXX,0.2537154989384289,S3,generated,
S3_gen,GPGXX,0.291932059447983,S3,generated,
S3_gen,GPGXX,0.34288747346072185,S3,generated,
S3_gen,GPGXX,0.38110403397027603,S3,generated,
S3_gen,GPGXX,0.4320594479830149,S3,generated,
S3_gen,GPGXX,0.470276008492569,S3,generated,
S3_gen,GPGXX,0.5212314225053079,S3,generated,
S3_gen,GPGXX,0.559447983014862,S3,generated,
S3_gen,GPGXX,0.6104033970276008,S3,generated,
S3_gen,GPGXX,0.648619957537155,S3,generated,
S3_gen,GPGXX,0.6995753715498938,S3,generated,
S3_gen,GPGXX,0.7377919320594479,S3,generated,
S3_gen,QQ,0.010615711252653927,S3,generated,
S3_gen,QQ,0.06794055201698514,S3,generated,
S3_gen,QQ,0.07855626326963906,S3,generated,
S3_gen,QQ,0.08917197452229299,S3,generated,
S3_gen,QQ,0.1464968152866242,S3,generated,
S3_gen,QQ,0.15711252653927812,S3,generated,
S3_gen,QQ,0.16772823779193205,S3,generated,
S3_gen,QQ,0.17834394904458598,S3,generated,
S3_gen,QQ,0.2356687898089172,S3,generated,
S3_gen,QQ,0.24628450106157113,S3,generated,
S3_gen,QQ,0.25690021231422505,S3,generated,
S3_gen,QQ,0.267515923566879,S3,generated,
S3_gen,QQ,0.3248407643312102,S3,generated,
S3_gen,QQ,0.3354564755838641,S3,generated,
S3_gen,QQ,0.346072186836518,S3,generated,
S3_gen,QQ,0.35668789808917195,S3,generated,
S3_gen,QQ,0.4140127388535032,S3,generated,
S3_gen,QQ,0.42462845010615713,S3,generated,
S3_gen,QQ,0.43524416135881105,S3,generated,
S3_gen,QQ,0.445859872611465,S3,generated,
S3_gen,QQ,0.5031847133757962,S3,generated,
S3_gen,QQ,0.5138004246284501,S3,generated,
S3_gen,QQ,0.524416135881104,S3,generated,
S3_gen,QQ,0.535031847133758,S3,generated,
S3_gen,QQ,0.5923566878980892,S3,generated,
S3_gen,QQ,0.6029723991507431,S3,generated,
S3_gen,QQ,0.613588110403397,S3,generated,
S3_gen,QQ,0.6242038216560509,S3,generated,
S3_gen,QQ,0.6815286624203821,S3,generated,
S3_gen,QQ,0.692144373673036,S3,generated,
S3_gen,QQ,0.70276008492569,S3,generated,
S3_gen,QQ,0.7133757961783439,S3,generated,
S3_nb1,polyA,0.06158357771260997,S3,neighbour1,1.0
S3_nb1,polyA,0.17302052785923755,S3,neighbour1,1.0
S3_nb1,polyA,0.2961876832844575,S3,neighbour1,1.0
S3_nb1,polyA,0.41935483870967744,S3,neighbour1,1.0
S3_nb1,polyA,0.5439882697947214,S3,neighbour1,1.0
S3_nb1,GGX,0.02785923753665689,S3,neighbour1,1.0
S3_nb1,GGX,0.07771260997067449,S3,neighbour1,1.0
S3_nb1,GGX,0.13636363636363635,S3,neighbour1,1.0
S3_nb1,GGX,0.18621700879765396,S3,neighbour1,1.0
S3_nb1,GGX,0.2595307917888563,S3,neighbour1,1.0
S3_nb1,GGX,0.3093841642228739,S3,neighbour1,1.0
S3_nb1,GGX,0.38269794721407624,S3,neighbour1,1.0
S3_nb1,GGX,0.43255131964809385,S3,neighbour1,1.0
S3_nb1,GGX,0.5058651026392962,S3,neighbour1,1.0
S3_nb1,GGX,0.5586510263929618,S3,neighbour1,1.0
S3_nb1,GGX,0.6173020527859238,S3,neighbour1,1.0
S3_nb1,GGX,0.6671554252199413,S3,neighbour1,1.0
S3_nb1,GPGXX,0.017595307917888565,S3,neighbour1,1.0
S3_nb1,GPGXX,0.04838709677419355,S3,neighbour1,1.0
S3_nb1,GPGXX,0.11143695014662756,S3,neighbour1,1.0
S3_nb1,GPGXX,0.15689149560117302,S3,neighbour1,1.0
S3_nb1,GPGXX,0.22727272727272727,S3,neighbour1,1.0
S3_nb1,GPGXX,0.28005865102639294,S3,neighbour1,1.0
S3_nb1,GPGXX,0.35043988269794724,S3,neighbour1,1.0
S3_nb1,GPGXX,0.4032258064516129,S3,neighbour1,1.0
S3_nb1,GPGXX,0.4736070381231672,S3,neighbour1,1.0
S3_nb1,GPGXX,0.5263929618768328,S3,neighbour1,1.0
S3_nb1,GPGXX,0.592375366568915,S3,neighbour1,1.0
S3_nb1,GPGXX,0.6378299120234604,S3,neighbour1,1.0
S3_nb1,QQ,0.01466275659824047,S3,neighbour1,1.0
S3_nb1,QQ,0.093841642228739,S3,neighbour1,1.0
S3_nb1,QQ,0.10850439882697947,S3,neighbour1,1.0
S3_nb1,QQ,0.12316715542521994,S3,neighbour1,1.0
S3_nb1,QQ,0.20234604105571846,S3,neighbour1,1.0
S3_nb1,QQ,0.21700879765395895,S3,neighbour1,1.0
S3_nb1,QQ,0.2316715542521994,S3,neighbour1,1.0
S3_nb1,QQ,0.24633431085043989,S3,neighbour1,1.0
S3_nb1,QQ,0.3255131964809384,S3,neighbour1,1.0
S3_nb1,QQ,0.34017595307917886,S3,neighbour1,1.0
S3_nb1,QQ,0.3548387096774194,S3,neighbour1,1.0
S3_nb1,QQ,0.36950146627565983,S3,neighbour1,1.0
S3_nb1,QQ,0.44868035190615835,S3,neighbour1,1.0
S3_nb1,QQ,0.4633431085043988,S3,neighbour1,1.0
S3_nb1,QQ,0.4780058651026393,S3,neighbour1,1.0
S3_nb1,QQ,0.49266862170087977,S3,neighbour1,1.0
S3_nb1,QQ,0.5747800586510264,S3,neighbour1,1.0
S3_nb1,QQ,0.5894428152492669,S3,neighbour1,1.0
S3_nb1,QQ,0.6041055718475073,S3,neighbour1,1.0
S3_nb2,polyA,0.08171206225680934,S3,neighbour2,1.0
S3_nb2,polyA,0.22957198443579765,S3,neighbour2,1.0
S3_nb2,polyA,0.3949416342412451,S3,neighbour2,1.0
S3_nb2,GGX,0.03696498054474708,S3,neighbour2,1.0
S3_nb2,GGX,0.10311284046692606,S3,neighbour2,1.0
S3_nb2,GGX,0.18093385214007782,S3,neighbour2,1.0
S3_nb2,GGX,0.24708171206225682,S3,neighbour2,1.0
S3_nb2,GGX,0.3443579766536965,S3,neighbour2,1.0
S3_nb2,GGX,0.4143968871595331,S3,neighbour2,1.0
S3_nb2,GGX,0.49221789883268485,S3,neighbour2,1.0
S3_nb2,GGX,0.5583657587548638,S3,neighbour2,1.0
S3_nb2,GPGXX,0.023346303501945526,S3,neighbour2,1.0
S3_nb2,GPGXX,0.06420233463035019,S3,neighbour2,1.0
S3_nb2,GPGXX,0.14785992217898833,S3,neighbour2,1.0
S3_nb2,GPGXX,0.20817120622568094,S3,neighbour2,1.0
S3_nb2,GPGXX,0.301556420233463,S3,neighbour2,1.0
S3_nb2,GPGXX,0.3715953307392996,S3,neighbour2,1.0
S3_nb2,GPGXX,0.4591439688715953,S3,neighbour2,1.0
S3_nb2,GPGXX,0.519455252918288,S3,neighbour2,1.0
S3_nb2,QQ,0.019455252918287938,S3,neighbour2,1.0
S3_nb2,QQ,0.1245136186770428,S3,neighbour2,1.0
S3_nb2,QQ,0.14396887159533073,S3,neighbour2,1.0
S3_nb2,QQ,0.16342412451361868,S3,neighbour2,1.0
S3_nb2,QQ,0.26848249027237353,S3,neighbour2,1.0
S3_nb2,QQ,0.28793774319066145,S3,neighbour2,1.0
S3_nb2,QQ,0.30739299610894943,S3,neighbour2,1.0
S3_nb2,QQ,0.32684824902723736,S3,neighbour2,1.0
S3_nb2,QQ,0.4357976653696498,S3,neighbour2,1.0
S3_nb2,QQ,0.45525291828793774,S3,neighbour2,1.0
S3_nb2,QQ,0.47470817120622566,S3,neighbour2,1.0
S4_gen,GGX,0.6513513513513514,S4,generated,
S4_gen,QQ,0.8,S4,generated,
S4_gen,QQ,0.8648648648648649,S4,generated,
S4_nb1,polyA,0.5459905660377359,S4,neighbour1,0.1348314606741573
S4_nb1,polyA,0.625,S4,neighbour1,0.1348314606741573
S4_nb1,polyA,0.7122641509433962,S4,neighbour1,0.1348314606741573
S4_nb1,polyA,0.7794811320754716,S4,neighbour1,0.1348314606741573
S4_nb1,polyA,0.8620283018867925,S4,neighbour1,0.1348314606741573
S4_nb1,polyA,0.9445754716981132,S4,neighbour1,0.1348314606741573
S4_nb1,GGX,0.24410377358490565,S4,neighbour1,0.1348314606741573
S4_nb1,GGX,0.38797169811320753,S4,neighbour1,0.1348314606741573
S4_nb1,GGX,0.5035377358490566,S4,neighbour1,0.1348314606741573
S4_nb1,GGX,0.5165094339622641,S4,neighbour1,0.1348314606741573
S4_nb1,GGX,0.5754716981132075,S4,neighbour1,0.1348314606741573
S4_nb1,GGX,0.5943396226415094,S4,neighbour1,0.1348314606741573
S4_nb1,GGX,0.6426886792452831,S4,neighbour1,0.1348314606741573
S4_nb1,GGX,0.6580188679245284,S4,neighbour1,0.1348314606741573
S4_nb1,GGX,0.6768867924528302,S4,neighbour1,0.1348314606741573
S4_nb1,GGX,0.7323113207547169,S4,neighbour1,0.1348314606741573
S4_nb1,GGX,0.7476415094339622,S4,neighbour1,0.1348314606741573
S4_nb1,GGX,0.7959905660377359,S4,neighbour1,0.1348314606741573
S4_nb1,GGX,0.8113207547169812,S4,neighbour1,0.1348314606741573
S4_nb1,GGX,0.8301886792452831,S4,neighbour1,0.1348314606741573
S4_nb1,GGX,0.8785377358490566,S4,neighbour1,0.1348314606741573
S4_nb1,GGX,0.8938679245283019,S4,neighbour1,0.1348314606741573
S4_nb1,GGX,0.9127358490566038,S4,neighbour1,0.1348314606741573
S4_nb1,GGX,0.9610849056603774,S4,neighbour1,0.1348314606741573
S4_nb1,GGX,0.9764150943396226,S4,neighbour1,0.1348314606741573
S4_nb1,GGX,0.9917452830188679,S4,neighbour1,0.1348314606741573
S4_nb1,GPGXX,0.44693396226415094,S4,neighbour1,0.1348314606741573
S4_nb1,GPGXX,0.5294811320754716,S4,neighbour1,0.1348314606741573
S4_nb1,GA,0.6132075471698113,S4,neighbour1,0.1348314606741573
S4_nb1,GA,0.6957547169811321,S4,neighbour1,0.1348314606741573
S4_nb1,GA,0.8490566037735849,S4,neighbour1,0.1348314606741573
S4_nb1,GA,0.9316037735849056,S4,neighbour1,0.1348314606741573
S4_nb2,polyA,0.38413793103448274,S4,neighbour2,0.12921348314606743
S4_nb2,polyA,0.4579310344827586,S4,neighbour2,0.12921348314606743
S4_nb2,polyA,0.603448275862069,S4,neighbour2,0.12921348314606743
S4_nb2,polyA,0.6572413793103449,S4,neighbour2,0.12921348314606743
S4_nb2,polyA,0.7013793103448276,S4,neighbour2,0.12921348314606743
S4_nb2,polyA,0.7413793103448276,S4,neighbour2,0.12921348314606743
S4_nb2,polyA,0.8393103448275862,S4,neighbour2,0.12921348314606743
S4_nb2,polyA,0.8924137931034483,S4,neighbour2,0.12921348314606743
S4_nb2,polyA,0.9344827586206896,S4,neighbour2,0.12921348314606743
S4_nb2,GGX,0.22551724137931034,S4,neighbour2,0.12921348314606743
S4_nb2,GGX,0.23241379310344829,S4,neighbour2,0.12921348314606743
S4_nb2,GGX,0.29724137931034483,S4,neighbour2,0.12921348314606743
S4_nb2,GGX,0.33655172413793105,S4,neighbour2,0.12921348314606743
S4_nb2,GGX,0.3510344827586207,S4,neighbour2,0.12921348314606743
S4_nb2,GGX,0.36551724137931035,S4,neighbour2,0.12921348314606743
S4_nb2,GGX,0.3986206896551724,S4,neighbour2,0.12921348314606743
S4_nb2,GGX,0.4289655172413793,S4,neighbour2,0.12921348314606743
S4_nb2,GGX,0.4420689655172414,S4,neighbour2,0.12921348314606743
S4_nb2,GGX,0.4731034482758621,S4,neighbour2,0.12921348314606743
S4_nb2,GGX,0.5151724137931034,S4,neighbour2,0.12921348314606743
S4_nb2,GGX,0.5289655172413793,S4,neighbour2,0.12921348314606743
S4_nb2,GGX,0.5544827586206896,S4,neighbour2,0.12921348314606743
S4_nb2,GGX,0.5689655172413793,S4,neighbour2,0.12921348314606743
S4_nb2,GGX,0.5855172413793104,S4,neighbour2,0.12921348314606743
S4_nb2,GGX,0.616551724137931,S4,neighbour2,0.12921348314606743
S4_nb2,GGX,0.6386206896551724,S4,neighbour2,0.12921348314606743
S4_nb2,GGX,0.6717241379310345,S4,neighbour2,0.12921348314606743
S4_nb2,GGX,0.6827586206896552,S4,neighbour2,0.12921348314606743
S4_nb2,GGX,0.7158620689655173,S4,neighbour2,0.12921348314606743
S4_nb2,GGX,0.7544827586206897,S4,neighbour2,0.12921348314606743
S4_nb2,GGX,0.7675862068965518,S4,neighbour2,0.12921348314606743
S4_nb2,GGX,0.8006896551724138,S4,neighbour2,0.12921348314606743
S4_nb2,GGX,0.8227586206896552,S4,neighbour2,0.12921348314606743
S4_nb2,GGX,0.8558620689655172,S4,neighbour2,0.12921348314606743
S4_nb2,GGX,0.8779310344827587,S4,neighbour2,0.12921348314606743
S4_nb2,GGX,0.9048275862068965,S4,neighbour2,0.12921348314606743
S4_nb2,GGX,0.9137931034482759,S4,neighbour2,0.12921348314606743
S4_nb2,GGX,0.9489655172413793,S4,neighbour2,0.12921348314606743
S4_nb2,GGX,0.9620689655172414,S4,neighbour2,0.12921348314606743
S4_nb2,GGX,0.9951724137931034,S4,neighbour2,0.12921348314606743
S4_nb2,GPGXX,0.26,S4,neighbour2,0.12921348314606743
S4_nb2,GA,0.3544827586206897,S4,neighbour2,0.12921348314606743
S4_nb2,GA,0.37655172413793103,S4,neighbour2,0.12921348314606743
S4_nb2,GA,0.41379310344827586,S4,neighbour2,0.12921348314606743
S4_nb2,GA,0.4510344827586207,S4,neighbour2,0.12921348314606743
S4_nb2,GA,0.5724137931034483,S4,neighbour2,0.12921348314606743
S4_nb2,GA,0.5944827586206897,S4,neighbour2,0.12921348314606743
S4_nb2,GA,0.6937931034482758,S4,neighbour2,0.12921348314606743
S4_nb2,GA,0.7310344827586207,S4,neighbour2,0.12921348314606743
S4_nb2,GA,0.776551724137931,S4,neighbour2,0.12921348314606743
S4_nb2,GA,0.8096551724137931,S4,neighbour2,0.12921348314606743
S4_nb2,GA,0.8317241379310345,S4,neighbour2,0.12921348314606743
S4_nb2,GA,0.8648275862068966,S4,neighbour2,0.12921348314606743
S4_nb2,GA,0.8855172413793103,S4,neighbour2,0.12921348314606743
S4_nb2,GA,0.9710344827586207,S4,neighbour2,0.12921348314606743
S5_gen,polyA,0.646484375,S5,generated,
S5_gen,polyA,0.689453125,S5,generated,
S5_gen,polyA,0.759765625,S5,generated,
S5_gen,polyA,0.828125,S5,generated,
S5_gen,polyA,0.931640625,S5,generated,
S5_gen,GGX,0.666015625,S5,generated,
S5_gen,GGX,0.951171875,S5,generated,
S5_gen,GGX,0.970703125,S5,generated,
S5_gen,GPGXX,0.818359375,S5,generated,
S5_nb1,polyA,0.9224137931034483,S5,neighbour1,0.6681222707423581
S5_nb1,polyA,0.9827586206896551,S5,neighbour1,0.6681222707423581
S5_nb1,GGX,0.9511494252873564,S5,neighbour1,0.6681222707423581
S5_nb2,polyA,0.656,S5,neighbour2,0.6593886462882096
S5_nb2,polyA,0.806,S5,neighbour2,0.6593886462882096
S5_nb2,polyA,0.9,S5,neighbour2,0.6593886462882096
S5_nb2,GGX,0.714,S5,neighbour2,0.6593886462882096
S5_nb2,GGX,0.75,S5,neighbour2,0.6593886462882096
S5_nb2,GGX,0.77,S5,neighbour2,0.6593886462882096
S5_nb2,GGX,0.83,S5,neighbour2,0.6593886462882096
S5_nb2,GGX,0.854,S5,neighbour2,0.6593886462882096
S5_nb2,GGX,0.874,S5,neighbour2,0.6593886462882096
S5_nb2,GGX,0.954,S5,neighbour2,0.6593886462882096
S5_nb2,GPGXX,0.85,S5,neighbour2,0.6593886462882096
